Statement 1
create table Customer (
    Namee varchar2(32) NOT NULL UNIQUE,
    Address varchar2(32), 
    Telephone varchar2(32),
    AssociatedRentals varchar2(32),
    CustomerID varchar2(4000) constraint customer_pk primary key
)
Table created.
Statement 2
create table Rental (
    InDate date,
    OutDate date constraint Rental_pk primary key
)
Table created.
Statement 3
Drop table Rental
Table dropped.
Statement 4
create table Rental (
    InDate date,
    OutDate date,
    RentalID number constraint rental_pk primary key,
    DamageAmount number,
    Rewound varchar2(4000),
    ItemID number,
    AssociatedTaxes number,
    CustomerID varchar2(4000) NOT NULL UNIQUE CONSTRAINT Rental_Customer_fk references Customer (CustomerID) ON DELETE CASCADE

)
Table created.
Statement 5
create table Charge (
    BillingID number constraint charge_pk primary key,
    LateFee varchar2(32),
    RewindFee varchar2(32),
    RentalID number NOT NULL UNIQUE CONSTRAINT Charge_Rental_fk references Rental(RentalID),
    CustomerID varchar2(32)
)
Table created.
Statement 6
create table Movie (
    ItemID number constraint movie_pk primary key,
    type1 varchar2(4000),
    MP_sn varchar2(4000),
    MFG_SN number,
    Length1 varchar2(4000),
    Genre varchar2(4000),
    Actors varchar2(4000),
    Rating varchar2(4000),
    Year1 number,
    Director varchar2(4000),
    Awards varchar2(4000),
    RentalID number CONSTRAINT Movie_Charge_fk references Charge (RentalID),
    DistributorSN number,
    MfgId number,
    Title varchar2(4000) UNIQUE
    )
Table created.
Statement 7
create table OrderBatch (
    Volume varchar2(4000),
    Price number,
    Manufacturer varchar2(4000),
    MovieTitle varchar2(4000) Constraint orderbatch_movie_fk references Movie (Title),
    Typee varchar2(4000),
    Distributor varchar2(4000),
    BatchNumber number,
    DistributorSN varchar2(4000) constraint orderbatch_pk primary key
)
Table created.
Statement 8
create table Distributor (
    Distributor varchar2(4000) constraint distributor_pk primary key,
    GenreSpecialty varchar2(4000),
    RelatedBatches varchar2(4000),
    DistributorSN varchar2(4000)
)
Table created.
Statement 9
ALTER TABLE Charge ADD CONSTRAINT isID_Chk CHECK (RentalID IN ('0'))
Table altered.
Statement 10
ALTER TABLE Charge DROP CONSTRAINT isID_Chk
Table altered.
Statement 11
Insert INTO Customer (Namee,Address,Telephone,AssociatedRentals,CustomerID)
VALUES ('John','2323Albatross','2773837489','otr','2939930')
1 row(s) inserted.
Statement 12
Insert INTO Customer (Namee,Address,Telephone,AssociatedRentals,CustomerID)
VALUES('Steph','14Carroll','2434444554','gud','4343324')
1 row(s) inserted.
Statement 13
Insert INTO Customer (Namee,Address,Telephone,AssociatedRentals,CustomerID)
VALUES('Greg','23Promethian','2482094820','ndi','9284908')
1 row(s) inserted.
Statement 14
Insert INTO Customer (Namee,Address,Telephone,AssociatedRentals,CustomerID)
VALUES ('Wayne','33Brotin','8209483324','dji','248209')
1 row(s) inserted.
Statement 15
Insert INTO Customer (Namee,Address,Telephone,AssociatedRentals,CustomerID)
VALUES('Carl','2543Goyle','20339','ski','2408234098')
1 row(s) inserted.
Statement 16
Insert INTO Customer(Namee,Address,Telephone,AssociatedRentals,CustomerID)
VALUES('Major','6Caldwell','34443','kdo','239820')
1 row(s) inserted.
Statement 17
Insert INTO Rental (InDate, OutDate, RentalID,ItemID,CustomerID)
Values ((TO_DATE('2019/02/01', 'yyyy/mm/dd')),(TO_DATE('2019/02/03', 'yyyy/mm/dd')),2002,100,'2939930')
1 row(s) inserted.
Statement 18
Insert INTO Rental (InDate, OutDate, RentalID,ItemID,CustomerID)
Values ((TO_DATE('2019/02/05', 'yyyy/mm/dd')),(TO_DATE('2019/02/07', 'yyyy/mm/dd')),2004,104,'2408234098')
1 row(s) inserted.
Statement 19
Insert INTO Rental (InDate, OutDate, RentalID,ItemID,CustomerID)
Values ((TO_DATE('2019/02/06', 'yyyy/mm/dd')),(TO_DATE('2019/02/08', 'yyyy/mm/dd')),2007,108,'248209')
1 row(s) inserted.
Statement 20
Insert INTO Rental (InDate, OutDate, RentalID,ItemID,CustomerID)
Values ((TO_DATE('2019/02/04', 'yyyy/mm/dd')),(TO_DATE('2019/02/12', 'yyyy/mm/dd')),2005,101,'4343324')
1 row(s) inserted.
Statement 21
Insert INTO Rental (InDate, OutDate, RentalID,ItemID,CustomerID)
Values ((TO_DATE('2019/02/14', 'yyyy/mm/dd')),(TO_DATE('2019/02/19', 'yyyy/mm/dd')),2009,109,'9284908')
1 row(s) inserted.
Statement 22
INSERT INTO Charge (BillingID,RentalID,CustomerID)
VALUES (23894,2002,'2939930')
1 row(s) inserted.
Statement 23
INSERT INTO Charge (BillingID,RentalID,CustomerID)
VALUES (12244,2004,'2408234098')
1 row(s) inserted.
Statement 24
INSERT INTO Charge (BillingID,RentalID,CustomerID)
VALUES (84594,2007,'248209')
1 row(s) inserted.
Statement 25
INSERT INTO Charge (BillingID,RentalID,CustomerID)
VALUES (69894,2005,'4343324')
1 row(s) inserted.
Statement 26
INSERT INTO Charge (BillingID,RentalID,CustomerID)
VALUES (71894,2009,'9284908')
1 row(s) inserted.
Statement 27
INSERT INTO MOVIE (RentalID,ItemID,Title)
VALUES (2002,100,'LeSabre')
1 row(s) inserted.
Statement 28
INSERT INTO MOVIE (RentalID,ItemID,Title)
VALUES (2004,104,'Godfather')
1 row(s) inserted.
Statement 29
INSERT INTO MOVIE (RentalID,ItemID,Title)
VALUES (2007,108,'BreakingBadSeason5')
1 row(s) inserted.
Statement 30
INSERT INTO MOVIE (RentalID,ItemID,Title)
VALUES (2005,101,'Slacker')
1 row(s) inserted.
Statement 31
INSERT INTO MOVIE (RentalID,ItemID,Title)
VALUES (2009,109,'WolfofWallSt')
1 row(s) inserted.
Statement 32
Insert INTO OrderBatch (MovieTitle, Distributor,DistributorSN,BatchNumber)
Values ('LeSabre','Quickie','23',10)
1 row(s) inserted.
Statement 33
Insert INTO OrderBatch (MovieTitle, Distributor,DistributorSN,BatchNumber)
Values ('WolfofWallSt','Quickie','63',30)
1 row(s) inserted.
Statement 34
Insert INTO OrderBatch (MovieTitle, Distributor,DistributorSN,BatchNumber)
Values ('Godfather','BigShot','48',20)
1 row(s) inserted.
Statement 35
Insert INTO OrderBatch (MovieTitle, Distributor,DistributorSN,BatchNumber)
Values ('BreakingBadSeason5','BigShot','28',60)
1 row(s) inserted.
Statement 36
Insert INTO OrderBatch (MovieTitle, Distributor,DistributorSN,BatchNumber)
Values ('Slacker','Quickie','93',90)
1 row(s) inserted.
Statement 37
INSERT INTO Distributor (Distributor,DistributorSN)
VALUES ('Quickie','29')
1 row(s) inserted.
Statement 38
INSERT INTO Distributor (Distributor,DistributorSN)
VALUES ('BigShot','48')
1 row(s) inserted.
Statement 39
INSERT INTO Distributor (Distributor,DistributorSN)
VALUES ('Alexa','27')
1 row(s) inserted.
Statement 40
INSERT INTO Distributor (Distributor,DistributorSN)
VALUES ('BlockBuster','26')
1 row(s) inserted.
Statement 41
INSERT INTO Distributor (Distributor,DistributorSN)
VALUES ('Hollywood','25')
1 row(s) inserted.
Statement 42
SELECT Namee,CustomerID,Address FROM Customer ORDER BY CustomerID
NAMEE	CUSTOMERID	ADDRESS
Major	239820	6Caldwell
Carl	2408234098	2543Goyle
Wayne	248209	33Brotin
John	2939930	2323Albatross
Steph	4343324	14Carroll
Greg	9284908	23Promethian
Download CSV
6 rows selected.
Statement 43
SELECT ItemID from Rental WHERE OutDate >=  (TO_DATE('2019/01/24', 'yyyy/mm/dd')) ORDER BY OutDate
ITEMID
100
104
108
101
109
Download CSV
5 rows selected.
Statement 44
SELECT * FROM Distributor ORDER BY Distributor
DISTRIBUTOR	GENRESPECIALTY	RELATEDBATCHES	DISTRIBUTORSN
Alexa	-	-	27
BigShot	-	-	48
BlockBuster	-	-	26
Hollywood	-	-	25
Quickie	-	-	29
Download CSV
5 rows selected.
Statement 45
UPDATE Customer SET Namee = 'Joan' WHERE CustomerID = '2939930'
1 row(s) updated.
Statement 46
DELETE FROM Customer WHERE CustomerID = '239820'
1 row(s) deleted.
Statement 47
SQL> spool /tmp/myfile.lst
Invalid statement
Statement 48
spool markWagner.sql
Unsupported Command
Statement 49
sql> spool <~/name.txt>
Invalid statement
Statement 50
select * from tab
TNAME	TABTYPE	CLUSTERID
BIN$grA9+S4LxnbgUyUZ5gq3cw==$0	TABLE	-
CHARGE	TABLE	-
CUSTOMER	TABLE	-
DISTRIBUTOR	TABLE	-
MOVIE	TABLE	-
ORDERBATCH	TABLE	-
RENTAL	TABLE	-
V$SESSION	SYNONYM	-
V$SQL	SYNONYM	-
V$SQLSTATS	SYNONYM	-
V$SQL_PLAN	SYNONYM	-
V$SQL_PLAN_STATISTICS_ALL	SYNONYM	-
Download CSV
12 rows selected.
Statement 51
spool off
Unsupported Command
